,magnitude,jumlahinf,kluster
0,4.6,3,1
1,5.0,78,0
2,4.6,1,1
3,4.5,1,1
4,4.6,0,1
5,4.6,0,1
6,4.6,1,1
7,4.7,141,0
8,4.5,11,1
9,5.5,78,0
10,4.6,60,0
11,4.8,13,1
12,5.0,13,1
13,4.6,13,1
14,4.9,13,1
15,7.3,73,0
16,4.5,0,1
17,4.9,13,1
18,4.7,0,1
19,4.9,1,1
20,4.6,0,1
21,4.6,1,1
22,4.5,65,0
23,5.4,153,0
24,4.6,21,1
25,5.3,13,1
26,4.8,125,0
27,4.6,45,1
28,4.7,0,1
29,4.6,21,1
30,4.6,0,1
31,4.9,1,1
32,4.5,7,1
33,4.9,2,1
34,4.9,1,1
35,4.5,0,1
36,4.6,54,0
37,4.7,0,1
38,4.7,28,1
39,4.9,22,1
40,5.0,5,1
41,4.6,39,1
42,4.6,113,0
43,4.6,76,0
44,4.6,0,1
45,4.5,6,1
46,4.7,19,1
47,4.6,37,1
48,4.6,1,1
49,4.9,35,1
50,5.2,59,0
51,4.6,1,1
52,4.5,0,1
53,4.8,10,1
54,4.8,1,1
55,4.9,39,1
56,5.2,0,1
57,4.5,0,1
58,5.6,34,1
59,4.8,70,0
60,4.7,1,1
61,4.5,83,0
62,4.7,1,1
63,4.9,29,1
64,4.5,1,1
65,4.8,6,1
66,4.9,1,1
67,4.8,0,1
68,4.9,0,1
69,5.6,43,1
70,4.6,0,1
71,5.0,2,1
72,4.5,1,1
73,4.5,0,1
74,4.5,2,1
75,5.1,2,1
76,4.5,4,1
77,4.6,4,1
78,5.8,48,1
79,5.7,44,1
80,7.3,447,2
81,4.5,0,1
82,4.5,37,1
83,4.5,0,1
84,5.0,0,1
85,4.6,0,1
86,4.5,2,1
87,4.6,4,1
88,4.5,3,1
89,4.8,39,1
90,4.6,0,1
91,5.4,15,1
92,4.6,39,1
93,5.0,105,0
94,4.5,30,1
95,4.6,1,1
96,4.7,28,1
97,4.7,0,1
98,5.1,15,1
99,5.2,19,1
100,4.5,1,1
101,4.5,64,0
102,4.6,9,1
103,4.5,44,1
104,5.0,58,0
105,5.3,54,0
106,6.0,46,1
107,4.9,8,1
108,4.8,0,1
109,4.5,55,0
110,4.6,0,1
111,5.1,0,1
112,4.6,0,1
113,4.6,53,0
114,4.5,8,1
115,4.5,5,1
116,4.5,0,1
117,4.5,51,0
118,4.9,0,1
119,5.2,32,1
120,4.7,0,1
121,4.6,41,1
122,4.5,25,1
123,4.7,0,1
124,4.6,31,1
125,4.5,90,0
126,4.6,22,1
127,4.8,0,1
128,4.5,44,1
129,4.5,0,1
130,4.5,26,1
131,5.0,0,1
132,4.7,0,1
133,5.4,0,1
134,5.3,0,1
135,4.9,0,1
136,4.5,16,1
137,4.6,26,1
138,4.9,11,1
139,5.0,70,0
140,4.6,0,1
141,4.5,24,1
142,4.8,0,1
143,4.5,6,1
144,4.8,47,1
145,5.1,74,0
146,4.8,11,1
147,4.6,7,1
148,4.6,0,1
149,6.0,100,0
150,4.6,1,1
151,4.7,7,1
152,4.5,0,1
153,5.1,55,0
154,4.6,0,1
155,4.8,48,1
156,4.7,0,1
157,4.8,0,1
158,5.4,87,0
159,4.7,121,0
160,4.5,20,1
161,4.8,21,1
162,6.0,234,2
163,4.5,0,1
164,5.1,93,0
165,4.5,1,1
166,4.5,0,1
167,4.5,0,1
168,5.7,238,2
169,4.9,36,1
170,4.5,0,1
171,4.7,0,1
172,5.1,69,0
173,5.9,49,1
174,4.5,0,1
175,4.9,0,1
176,4.9,0,1
177,4.7,0,1
178,4.7,0,1
179,4.7,0,1
180,4.6,0,1
181,6.0,23,1
182,4.5,21,1
183,4.5,29,1
184,4.5,0,1
185,4.9,12,1
186,5.5,17,1
187,5.1,0,1
188,4.5,1,1
189,4.5,0,1
190,4.6,51,0
191,5.1,13,1
192,4.7,0,1
193,4.8,23,1
194,4.8,45,1
195,4.6,95,0
196,5.2,73,0
197,4.6,6,1
198,5.1,0,1
199,4.9,119,0
200,4.5,4,1
201,4.8,1,1
202,4.8,26,1
203,4.5,0,1
204,4.5,0,1
205,4.9,88,0
206,4.5,2,1
207,4.8,131,0
208,5.0,25,1
209,4.7,33,1
210,4.5,68,0
211,4.6,20,1
212,4.5,57,0
213,4.5,81,0
214,4.6,1,1
215,5.0,93,0
216,4.7,170,0
217,4.5,9,1
218,4.5,0,1
219,4.7,0,1
220,4.9,17,1
221,5.5,92,0
222,4.5,0,1
223,5.0,21,1
224,4.9,21,1
225,4.8,23,1
226,4.5,18,1
227,4.5,18,1
228,4.7,0,1
229,5.0,0,1
230,5.0,2,1
231,5.0,1,1
232,4.6,0,1
233,5.7,135,0
234,4.8,28,1
235,4.6,0,1
236,4.5,5,1
237,4.6,41,1
238,4.5,21,1
239,5.2,122,0
240,4.5,27,1
241,4.9,32,1
242,4.6,4,1
243,4.5,0,1
244,4.5,55,0
245,4.5,0,1
246,4.5,0,1
247,4.6,0,1
248,4.6,0,1
249,4.5,0,1
250,5.1,145,0
251,4.6,42,1
252,4.7,13,1
253,4.6,6,1
254,4.6,0,1
255,4.7,16,1
256,4.6,13,1
257,5.0,88,0
258,4.5,6,1
259,4.8,0,1
260,5.0,19,1
261,4.5,4,1
262,4.6,0,1
263,4.6,85,0
264,4.7,8,1
265,4.7,1,1
266,5.3,16,1
267,4.5,0,1
268,4.5,6,1
269,5.4,35,1
270,4.5,53,0
271,4.7,31,1
272,4.6,44,1
273,4.9,143,0
274,4.9,27,1
275,4.7,0,1
276,4.5,0,1
277,4.5,1,1
278,4.6,77,0
279,4.6,0,1
280,4.7,13,1
281,4.9,0,1
282,4.8,19,1
283,4.5,40,1
284,4.6,58,0
285,4.8,70,0
286,4.5,0,1
287,4.6,13,1
288,4.7,10,1
289,5.1,114,0
290,4.6,73,0
291,4.6,76,0
292,5.3,11,1
293,4.6,29,1
294,4.5,0,1
295,4.5,0,1
296,4.7,0,1
297,4.6,24,1
298,5.0,130,0
299,4.6,0,1
300,4.5,1,1
301,4.8,0,1
302,4.5,0,1
303,5.0,46,1
304,4.5,0,1
305,4.6,4,1
306,4.8,0,1
307,4.9,2,1
308,4.6,30,1
309,4.6,17,1
310,4.7,6,1
311,4.6,0,1
312,4.5,0,1
313,4.9,2,1
314,4.5,0,1
315,4.6,1,1
316,4.5,1,1
317,4.6,31,1
318,4.7,28,1
319,4.9,10,1
320,4.7,35,1
321,4.9,0,1
322,4.8,0,1
323,4.6,49,1
324,4.7,71,0
325,4.6,0,1
326,4.5,6,1
327,4.6,4,1
328,4.5,31,1
329,4.5,0,1
330,4.5,15,1
331,4.5,75,0
332,4.9,56,0
333,5.6,116,0
334,4.6,16,1
335,4.6,0,1
336,4.7,37,1
337,4.5,64,0
338,4.6,21,1
339,4.8,0,1
340,4.5,0,1
341,5.6,0,1
342,4.6,0,1
343,4.5,70,0
344,4.5,0,1
345,4.9,21,1
346,4.9,53,0
347,4.7,0,1
348,4.5,0,1
349,5.7,157,0
350,4.7,0,1
351,4.5,0,1
352,4.5,14,1
353,4.5,30,1
354,4.8,0,1
355,4.7,65,0
356,4.9,0,1
357,4.6,45,1
358,4.5,24,1
359,4.5,14,1
360,4.8,57,0
361,4.5,0,1
362,4.9,26,1
363,4.5,6,1
364,4.6,28,1
365,4.5,4,1
366,4.6,45,1
367,4.5,0,1
368,4.5,15,1
369,4.6,0,1
370,4.5,19,1
371,4.5,0,1
372,4.6,0,1
373,4.9,96,0
374,4.5,37,1
375,4.5,0,1
376,5.1,0,1
377,4.8,0,1
378,4.9,0,1
379,4.5,0,1
380,4.6,0,1
381,4.5,0,1
382,4.8,0,1
383,4.5,0,1
384,4.5,59,0
385,4.5,0,1
386,4.5,0,1
387,4.5,0,1
388,4.7,0,1
389,5.1,115,0
390,5.3,1,1
391,5.0,0,1
392,5.2,0,1
393,4.5,0,1
394,4.9,0,1
395,4.7,0,1
396,5.7,1,1
397,5.1,0,1
398,4.6,0,1
399,4.5,0,1
400,4.6,1,1
401,4.5,0,1
402,4.6,0,1
403,4.7,0,1
404,4.5,0,1
405,4.7,0,1
406,5.2,0,1
407,4.9,0,1
408,4.5,0,1
409,4.8,0,1
410,4.6,0,1
411,7.1,58,0
412,4.8,55,0
413,4.5,0,1
414,4.5,75,0
415,4.6,7,1
416,4.8,107,0
417,4.6,32,1
418,4.5,10,1
419,4.5,0,1
420,4.6,1,1
421,4.5,11,1
422,4.5,0,1
423,4.8,0,1
424,5.2,93,0
425,4.7,0,1
426,5.0,2,1
427,5.4,26,1
428,4.5,11,1
429,4.9,19,1
430,4.9,0,1
431,4.8,13,1
432,4.5,0,1
433,5.0,60,0
434,4.7,0,1
435,4.6,3,1
436,5.2,32,1
437,4.7,5,1
438,5.8,62,0
439,4.5,5,1
440,4.6,1,1
441,5.1,69,0
442,6.0,82,0
443,4.5,22,1
444,4.8,38,1
445,4.6,5,1
446,4.8,0,1
447,4.5,0,1
448,4.5,22,1
449,4.9,56,0
450,4.6,6,1
451,4.7,23,1
452,6.3,385,2
453,5.8,208,2
454,4.9,0,1
455,4.5,0,1
456,4.6,6,1
457,4.5,0,1
458,5.3,25,1
459,4.5,24,1
460,4.5,39,1
461,4.7,13,1
462,5.2,223,2
463,4.9,13,1
464,4.5,23,1
465,4.7,2,1
466,4.6,25,1
467,5.2,7,1
468,4.5,21,1
469,4.5,24,1
470,4.6,8,1
471,5.3,143,0
472,4.8,60,0
473,4.9,5,1
474,5.1,0,1
475,4.5,18,1
476,4.5,48,1
477,4.5,0,1
478,4.6,0,1
479,4.9,1,1
480,4.5,0,1
481,4.5,1,1
482,4.8,0,1
483,4.8,20,1
484,4.7,38,1
485,4.5,0,1
486,4.7,313,2
487,4.7,0,1
488,4.5,0,1
489,4.6,57,0
490,4.9,0,1
491,4.5,91,0
492,4.8,0,1
493,4.5,0,1
494,4.6,0,1
495,5.4,60,0
496,4.6,0,1
497,4.6,0,1
498,4.5,0,1
499,5.0,2,1
500,5.5,62,0
501,6.1,107,0
502,5.6,184,0
503,4.6,10,1
504,4.5,5,1
505,5.2,19,1
506,4.5,0,1
507,4.8,13,1
508,5.1,45,1
509,4.9,24,1
510,4.5,22,1
511,4.5,0,1
512,4.5,5,1
513,5.0,141,0
514,4.5,0,1
515,4.9,0,1
516,4.5,0,1
517,5.1,125,0
518,4.5,85,0
519,4.5,26,1
520,4.5,83,0
521,4.5,41,1
522,4.6,98,0
523,4.6,94,0
524,4.6,0,1
525,4.5,27,1
526,4.6,0,1
527,4.5,1,1
528,4.6,15,1
529,4.7,23,1
530,4.6,22,1
531,4.7,34,1
532,4.6,1,1
533,5.0,40,1
534,4.6,45,1
535,5.1,351,2
536,4.7,3,1
537,4.5,0,1
538,5.1,57,0
539,4.9,0,1
540,4.5,27,1
541,4.5,0,1
542,4.9,46,1
543,5.7,0,1
544,4.5,0,1
545,4.9,2,1
546,4.7,1,1
547,4.5,16,1
548,4.7,14,1
549,4.6,0,1
550,4.6,24,1
551,4.6,41,1
552,4.5,15,1
553,4.5,0,1
554,4.6,0,1
555,4.6,0,1
556,4.6,0,1
557,4.5,0,1
558,4.6,0,1
559,5.2,131,0
560,4.8,0,1
561,4.6,11,1
562,4.6,16,1
563,5.9,243,2
564,5.2,133,0
565,4.5,0,1
566,4.5,0,1
567,4.7,5,1
568,4.7,6,1
569,4.8,44,1
570,4.5,0,1
571,4.5,11,1
572,5.0,127,0
573,4.6,7,1
574,5.0,30,1
575,4.5,1,1
576,4.5,1,1
577,4.7,78,0
578,4.9,48,1
579,5.6,178,0
580,5.1,106,0
581,4.5,23,1
582,4.9,0,1
583,4.5,12,1
584,4.5,0,1
585,4.5,0,1
586,4.5,1,1
587,4.5,1,1
588,4.5,2,1
589,4.5,13,1
590,4.8,8,1
591,5.3,155,0
592,5.1,6,1
593,4.6,10,1
594,4.5,0,1
595,5.2,20,1
596,4.6,1,1
597,4.6,2,1
598,4.5,1,1
599,4.6,1,1
600,5.3,29,1
601,4.8,3,1
602,4.6,140,0
603,4.5,1,1
604,4.7,2,1
605,4.5,15,1
606,5.0,3,1
607,4.9,2,1
608,4.8,2,1
609,5.3,24,1
610,4.6,1,1
611,4.6,1,1
612,4.7,0,1
613,4.7,2,1
614,4.6,1,1
615,4.8,3,1
616,4.5,0,1
617,4.5,58,0
618,4.6,1,1
619,4.7,1,1
620,4.6,1,1
621,5.1,6,1
622,4.9,2,1
623,4.8,4,1
624,4.9,1,1
625,6.2,240,2
626,4.8,6,1
627,4.9,12,1
628,4.5,104,0
629,4.5,83,0
630,4.5,4,1
631,4.6,1,1
632,4.5,0,1
633,4.7,0,1
634,4.8,2,1
635,4.5,1,1
636,4.6,0,1
637,4.5,33,1
638,4.8,0,1
639,5.1,40,1
640,4.5,0,1
641,4.6,0,1
642,4.5,11,1
643,4.7,0,1
644,5.1,210,2
645,4.5,49,1
646,4.5,24,1
647,4.8,0,1
648,4.6,0,1
649,4.8,41,1
650,4.5,1,1
651,4.7,91,0
652,4.7,157,0
653,5.2,247,2
654,5.1,191,0
655,5.5,31,1
656,4.5,16,1
657,5.0,1,1
658,5.2,0,1
659,4.8,16,1
660,5.8,478,2
661,5.0,53,0
662,4.9,2,1
663,4.5,0,1
664,4.6,0,1
665,4.6,1,1
666,4.8,68,0
667,5.0,3,1
668,4.8,0,1
669,4.6,0,1
670,4.5,0,1
671,4.9,0,1
672,4.6,0,1
673,4.5,0,1
674,4.7,0,1
675,4.7,0,1
676,4.7,0,1
677,6.7,76,0
678,4.8,19,1
679,5.5,4,1
680,5.2,0,1
681,4.6,0,1
682,4.9,7,1
683,4.7,33,1
684,4.8,11,1
685,5.1,0,1
686,4.6,0,1
687,4.5,13,1
688,4.5,10,1
689,4.6,0,1
690,4.8,29,1
691,4.5,0,1
692,4.6,24,1
693,4.6,0,1
694,4.9,13,1
695,5.0,0,1
696,4.5,20,1
697,5.0,105,0
698,4.5,50,1
699,5.7,170,0
700,5.2,83,0
701,4.5,1,1
702,4.5,196,0
703,4.5,44,1
704,4.6,1,1
705,4.9,61,0
706,4.9,63,0
707,5.5,66,0
708,4.6,0,1
709,4.6,31,1
710,4.9,0,1
711,4.6,43,1
712,4.8,0,1
713,4.6,44,1
714,4.5,0,1
715,4.5,6,1
716,4.5,33,1
717,5.0,5,1
718,4.7,25,1
719,4.6,3,1
720,4.7,37,1
721,4.9,0,1
722,4.7,1,1
723,4.6,3,1
724,4.5,0,1
725,5.0,261,2
726,4.5,0,1
727,4.9,32,1
728,4.5,60,0
729,5.0,75,0
730,4.6,0,1
731,4.7,3,1
732,4.8,3,1
733,4.5,0,1
734,5.0,19,1
735,4.5,37,1
736,4.6,33,1
737,4.5,0,1
738,4.6,1,1
739,4.7,0,1
740,6.1,23,1
741,4.8,0,1
742,4.8,1,1
743,5.2,13,1
744,4.8,16,1
745,4.5,22,1
746,4.6,0,1
747,4.7,1,1
748,4.5,0,1
749,4.5,0,1
750,5.0,121,0
751,5.4,58,0
752,4.5,0,1
753,4.5,0,1
754,5.4,0,1
755,5.4,0,1
756,5.6,23,1
757,5.0,239,2
758,5.1,13,1
759,5.0,0,1
760,5.2,5,1
761,4.5,1,1
762,4.5,10,1
763,5.1,24,1
764,4.9,151,0
765,4.5,0,1
766,5.0,40,1
767,5.1,231,2
768,6.1,47,1
769,6.0,502,2
770,4.5,24,1
771,4.8,0,1
772,5.0,0,1
773,4.6,0,1
774,4.6,0,1
775,4.6,0,1
776,5.1,0,1
777,4.6,19,1
778,4.6,29,1
779,4.5,0,1
780,4.6,28,1
781,5.9,71,0
782,4.6,18,1
783,5.4,58,0
784,4.7,1,1
785,4.5,0,1
786,4.8,0,1
787,4.5,12,1
788,5.2,132,0
789,4.7,5,1
790,4.6,6,1
791,5.2,69,0
792,4.9,115,0
793,4.5,0,1
794,4.7,24,1
795,4.5,13,1
796,4.7,0,1
797,4.9,54,0
798,4.9,64,0
799,4.8,24,1
800,4.5,0,1
801,4.5,0,1
802,4.6,1,1
803,4.6,17,1
804,4.9,4,1
805,5.4,94,0
806,4.5,0,1
807,4.7,27,1
808,4.6,65,0
809,4.6,23,1
810,5.2,6,1
811,4.8,25,1
812,4.5,0,1
813,5.0,0,1
814,5.0,39,1
815,4.5,0,1
816,5.1,0,1
817,4.5,0,1
818,4.6,0,1
819,4.6,74,0
820,4.5,0,1
821,4.6,0,1
822,4.7,59,0
823,4.5,1,1
824,5.1,31,1
825,5.2,19,1
826,5.5,33,1
827,4.5,0,1
828,4.6,122,0
829,4.9,0,1
830,4.9,56,0
831,4.5,8,1
832,4.6,0,1
833,4.5,0,1
834,5.0,0,1
835,4.8,13,1
836,4.5,9,1
837,4.7,112,0
838,4.7,0,1
839,5.1,0,1
840,4.7,19,1
841,4.6,50,1
842,5.6,109,0
843,4.5,81,0
844,4.7,2,1
845,4.6,80,0
846,4.7,0,1
847,4.6,4,1
848,4.5,6,1
849,4.8,1,1
850,4.7,0,1
851,4.6,22,1
852,4.5,32,1
853,4.5,0,1
854,4.5,2,1
855,4.6,1,1
856,4.5,1,1
857,4.5,12,1
858,4.5,0,1
859,5.0,42,1
860,4.9,268,2
861,5.1,13,1
862,4.5,0,1
863,4.5,0,1
864,4.6,25,1
865,5.8,158,0
866,4.9,92,0
867,5.0,15,1
868,4.6,6,1
869,5.1,20,1
870,4.5,1,1
871,4.9,69,0
872,4.5,64,0
873,4.5,70,0
874,4.5,31,1
875,4.6,0,1
876,4.5,28,1
877,4.5,0,1
878,4.6,4,1
879,4.5,0,1
880,4.8,3,1
881,4.7,0,1
882,4.8,0,1
883,4.5,0,1
884,5.3,52,0
885,4.8,21,1
886,5.1,50,1
887,4.8,7,1
888,4.5,27,1
889,4.5,19,1
890,5.0,61,0
891,4.6,9,1
892,4.5,35,1
893,5.1,42,1
894,4.7,23,1
895,4.8,37,1
896,4.7,36,1
897,4.6,29,1
898,4.9,18,1
899,5.2,33,1
900,5.0,7,1
901,4.5,0,1
902,4.5,0,1
903,4.6,30,1
904,4.5,0,1
905,4.9,1,1
906,4.9,2,1
907,4.6,11,1
908,6.3,110,0
909,5.0,1,1
910,5.2,1,1
911,5.1,29,1
912,4.5,0,1
913,5.2,0,1
914,4.5,0,1
915,4.8,0,1
916,5.7,20,1
917,4.6,134,0
918,4.5,5,1
919,6.0,0,1
920,4.9,0,1
921,5.2,60,0
922,4.7,53,0
923,4.5,0,1
924,4.5,18,1
925,4.5,0,1
926,4.5,11,1
927,4.9,132,0
928,4.7,30,1
929,5.2,58,0
930,4.8,35,1
931,4.8,0,1
932,4.6,1,1
933,4.5,30,1
934,4.7,30,1
935,4.6,0,1
936,5.3,32,1
937,4.8,10,1
938,5.0,46,1
939,4.9,80,0
940,4.5,27,1
941,5.3,211,2
942,4.5,103,0
943,4.6,0,1
944,4.5,9,1
945,4.7,5,1
946,4.6,0,1
947,4.8,5,1
948,4.9,86,0
949,5.0,97,0
950,4.9,38,1
951,4.7,14,1
952,5.1,79,0
953,5.1,121,0
954,4.7,25,1
955,4.5,1,1
956,4.7,1,1
957,4.6,3,1
958,4.6,4,1
959,4.7,20,1
960,7.0,90,0
961,4.5,0,1
962,4.6,0,1
963,4.8,1,1
964,4.8,38,1
965,4.7,0,1
966,5.4,13,1
967,4.8,71,0
968,5.2,24,1
969,4.9,136,0
970,5.0,32,1
971,4.7,11,1
972,4.8,23,1
973,4.6,52,0
974,6.2,357,2
975,4.6,7,1
976,5.2,167,0
977,5.7,246,2
978,4.6,23,1
979,5.1,93,0
980,4.5,5,1
981,4.5,0,1
982,4.6,49,1
983,5.9,86,0
984,4.6,10,1
985,4.6,30,1
986,4.6,0,1
987,5.3,38,1
988,4.5,34,1
989,4.5,19,1
990,5.2,42,1
991,4.9,3,1
992,5.6,27,1
993,4.7,125,0
994,5.2,21,1
995,5.2,6,1
996,5.0,0,1
997,6.1,273,2
998,5.5,186,0
999,5.1,42,1
1000,4.5,23,1
1001,5.0,36,1
1002,5.2,0,1
1003,4.6,14,1
1004,4.5,12,1
1005,4.8,57,0
1006,4.9,22,1
1007,5.1,33,1
1008,4.5,114,0
1009,4.7,6,1
1010,4.6,0,1
1011,4.5,0,1
1012,4.8,19,1
1013,4.5,0,1
1014,4.6,0,1
1015,4.8,0,1
1016,4.5,0,1
1017,5.3,0,1
1018,4.8,1,1
1019,4.5,19,1
1020,4.6,11,1
1021,4.5,0,1
1022,5.1,44,1
1023,5.0,31,1
1024,4.9,0,1
1025,4.5,0,1
1026,4.8,1,1
1027,5.0,36,1
1028,5.1,10,1
1029,4.5,6,1
1030,5.2,65,0
1031,5.2,0,1
1032,4.6,2,1
1033,6.1,0,1
1034,4.5,0,1
1035,4.9,0,1
1036,4.8,0,1
1037,4.7,64,0
1038,4.8,0,1
1039,4.9,22,1
1040,4.6,0,1
1041,4.9,0,1
1042,5.1,94,0
1043,4.5,0,1
1044,4.7,0,1
1045,4.8,0,1
1046,4.5,0,1
1047,5.0,0,1
1048,4.5,0,1
1049,6.1,58,0
1050,4.7,0,1
1051,4.5,1,1
1052,4.5,0,1
1053,4.9,96,0
1054,4.5,58,0
1055,4.7,0,1
1056,4.9,9,1
1057,5.3,54,0
1058,4.7,1,1
1059,4.6,31,1
1060,4.5,1,1
1061,5.0,6,1
1062,4.5,1,1
1063,4.5,1,1
1064,4.6,5,1
1065,4.5,22,1
1066,4.9,13,1
1067,4.6,12,1
1068,4.8,0,1
1069,4.5,0,1
1070,5.0,137,0
1071,4.8,71,0
1072,4.6,0,1
1073,5.2,70,0
1074,4.5,92,0
1075,4.5,85,0
1076,4.5,14,1
1077,4.6,38,1
1078,4.6,23,1
1079,4.6,0,1
1080,5.0,35,1
1081,4.7,32,1
1082,4.6,0,1
1083,4.5,0,1
1084,5.2,106,0
1085,4.9,51,0
1086,4.5,56,0
1087,4.6,38,1
1088,4.5,21,1
1089,4.5,19,1
1090,4.5,0,1
1091,4.6,23,1
1092,4.8,41,1
1093,4.5,11,1
1094,5.0,42,1
1095,4.5,9,1
1096,4.8,49,1
1097,4.5,27,1
1098,4.6,0,1
1099,5.3,142,0
1100,4.6,28,1
1101,4.9,78,0
1102,4.7,0,1
1103,4.5,9,1
1104,4.7,32,1
1105,5.0,174,0
1106,4.5,85,0
1107,4.6,7,1
1108,4.5,23,1
1109,4.7,70,0
1110,5.2,151,0
1111,4.5,0,1
1112,4.5,0,1
1113,6.0,67,0
1114,4.6,1,1
1115,4.5,0,1
1116,4.6,21,1
1117,4.5,64,0
1118,5.1,105,0
1119,5.1,0,1
1120,4.8,49,1
1121,4.7,10,1
1122,4.6,47,1
1123,4.9,5,1
1124,4.5,1,1
1125,4.9,18,1
1126,4.5,78,0
1127,4.5,25,1
1128,4.5,23,1
1129,4.9,94,0
1130,4.9,12,1
1131,4.5,5,1
1132,5.2,254,2
1133,4.8,14,1
1134,4.5,0,1
1135,4.5,14,1
1136,4.9,17,1
1137,5.3,60,0
1138,4.6,41,1
1139,4.6,0,1
1140,5.7,24,1
1141,4.8,18,1
1142,4.5,0,1
1143,4.5,0,1
1144,4.6,0,1
1145,4.5,1,1
1146,4.7,17,1
1147,5.3,66,0
1148,5.4,187,0
1149,5.1,99,0
1150,4.6,0,1
1151,4.6,0,1
1152,4.7,17,1
1153,5.4,318,2
1154,4.8,6,1
1155,4.5,0,1
1156,4.6,27,1
1157,4.5,281,2
1158,4.5,0,1
1159,4.5,89,0
1160,4.8,5,1
1161,4.9,10,1
1162,4.6,11,1
1163,4.6,10,1
1164,4.5,25,1
1165,4.6,1,1
1166,4.5,62,0
1167,4.8,0,1
1168,5.2,5,1
1169,5.1,9,1
1170,5.1,46,1
1171,4.7,0,1
1172,4.9,5,1
1173,5.5,40,1
1174,5.6,45,1
1175,4.6,36,1
1176,5.1,5,1
1177,4.7,29,1
1178,4.5,13,1
1179,4.5,22,1
1180,5.2,27,1
1181,5.2,19,1
1182,4.6,0,1
1183,4.5,27,1
1184,4.7,1,1
1185,4.6,0,1
1186,5.1,7,1
1187,4.5,1,1
1188,4.5,4,1
1189,4.5,1,1
1190,4.9,5,1
1191,5.2,29,1
1192,4.9,45,1
1193,4.5,10,1
1194,4.7,37,1
1195,4.7,88,0
1196,4.5,65,0
1197,4.8,69,0
1198,4.6,25,1
1199,4.5,16,1
1200,5.4,44,1
1201,4.6,49,1
1202,4.8,0,1
1203,4.9,1,1
1204,4.9,12,1
1205,4.8,0,1
1206,4.8,52,0
1207,4.9,67,0
1208,4.7,61,0
1209,4.8,38,1
1210,5.0,20,1
1211,4.6,29,1
1212,4.5,0,1
1213,4.5,3,1
1214,4.5,0,1
1215,4.9,0,1
1216,4.8,0,1
1217,5.0,0,1
1218,4.6,20,1
1219,4.5,12,1
1220,4.9,14,1
1221,4.5,0,1
1222,4.7,45,1
1223,4.8,0,1
1224,4.5,0,1
1225,4.7,0,1
1226,4.6,16,1
1227,4.5,0,1
1228,4.7,0,1
1229,4.6,33,1
1230,5.0,5,1
1231,5.0,0,1
1232,4.6,0,1
1233,4.5,67,0
1234,5.2,4,1
1235,4.5,45,1
1236,4.9,39,1
1237,5.5,21,1
1238,4.5,0,1
1239,4.5,0,1
1240,4.5,39,1
1241,4.6,0,1
1242,4.6,31,1
1243,4.9,31,1
1244,5.0,98,0
1245,4.8,88,0
1246,4.9,31,1
1247,4.6,30,1
1248,5.2,13,1
1249,4.5,72,0
1250,4.7,0,1
1251,4.5,9,1
1252,4.5,0,1
1253,4.9,86,0
1254,4.5,5,1
1255,4.5,0,1
1256,4.5,0,1
1257,4.5,31,1
1258,4.6,31,1
1259,4.6,27,1
1260,4.6,31,1
1261,5.7,58,0
1262,5.4,56,0
1263,4.7,0,1
1264,5.0,2,1
1265,4.5,48,1
1266,5.9,107,0
1267,4.7,0,1
1268,4.5,1,1
1269,4.7,53,0
1270,5.0,69,0
1271,4.6,1,1
1272,4.7,64,0
1273,6.3,19,1
1274,5.9,156,0
1275,4.5,17,1
1276,4.8,0,1
1277,5.2,0,1
1278,5.3,143,0
1279,4.9,16,1
1280,4.5,46,1
1281,4.9,11,1
1282,4.9,49,1
1283,4.7,13,1
1284,4.5,3,1
1285,4.8,0,1
1286,4.7,31,1
1287,4.9,19,1
1288,4.9,0,1
1289,4.9,1,1
1290,4.5,0,1
1291,4.6,6,1
1292,4.9,6,1
1293,5.0,9,1
1294,4.9,1,1
1295,4.5,28,1
1296,5.0,9,1
1297,4.8,0,1
1298,5.2,0,1
1299,4.5,0,1
1300,4.6,0,1
1301,5.5,53,0
1302,4.5,0,1
1303,4.7,93,0
1304,4.9,0,1
1305,6.9,214,2
1306,4.5,0,1
1307,4.6,0,1
1308,4.8,11,1
1309,4.9,37,1
1310,4.8,0,1
1311,4.6,0,1
1312,5.0,0,1
1313,6.9,405,2
1314,6.8,309,2
1315,4.9,51,0
1316,4.7,0,1
1317,5.2,0,1
1318,5.2,76,0
1319,4.9,4,1
1320,5.0,4,1
1321,5.1,39,1
1322,4.5,0,1
1323,5.1,15,1
1324,4.6,0,1
1325,4.5,0,1
1326,4.6,0,1
1327,4.6,10,1
1328,5.0,23,1
1329,4.6,1,1
1330,4.6,8,1
1331,4.9,126,0
1332,5.0,23,1
1333,4.5,8,1
1334,4.8,11,1
1335,5.3,39,1
1336,4.7,8,1
1337,4.5,7,1
1338,5.1,50,1
1339,4.9,11,1
1340,5.1,26,1
1341,4.6,64,0
1342,4.5,10,1
1343,4.6,0,1
1344,4.9,0,1
1345,5.3,61,0
1346,4.8,20,1
1347,4.6,12,1
1348,4.6,44,1
1349,4.5,19,1
1350,5.1,21,1
1351,5.1,128,0
1352,4.6,0,1
1353,4.8,1,1
1354,4.5,0,1
1355,4.6,8,1
1356,4.6,1,1
1357,4.7,24,1
1358,4.9,0,1
1359,5.0,35,1
1360,4.9,94,0
1361,4.5,27,1
1362,4.5,44,1
1363,4.5,5,1
1364,5.3,59,0
1365,4.6,0,1
1366,4.6,0,1
1367,4.5,48,1
1368,4.6,102,0
1369,4.6,97,0
1370,4.5,0,1
1371,4.9,27,1
1372,5.3,0,1
1373,4.8,0,1
1374,4.6,0,1
1375,4.8,0,1
1376,4.6,29,1
1377,4.8,1,1
1378,4.7,0,1
1379,4.7,0,1
1380,4.8,3,1
1381,4.5,3,1
1382,4.6,23,1
1383,4.5,36,1
1384,4.6,0,1
1385,5.7,30,1
1386,4.6,0,1
1387,4.6,3,1
1388,4.6,326,2
1389,4.6,13,1
1390,4.8,0,1
1391,5.0,8,1
1392,4.6,23,1
1393,4.7,54,0
1394,4.6,1,1
1395,4.6,57,0
1396,4.8,40,1
1397,4.8,0,1
1398,4.5,0,1
1399,4.5,3,1
1400,4.6,0,1
1401,4.5,5,1
1402,4.5,151,0
1403,4.8,18,1
1404,4.7,0,1
1405,4.7,0,1
1406,5.0,0,1
1407,4.8,0,1
1408,5.1,396,2
1409,6.6,891,2
1410,4.9,18,1
1411,4.5,17,1
1412,4.7,12,1
1413,4.6,0,1
1414,4.8,24,1
1415,4.8,32,1
1416,4.5,15,1
1417,4.5,0,1
1418,4.8,13,1
1419,4.9,46,1
1420,4.9,0,1
1421,4.7,90,0
1422,4.6,0,1
1423,6.0,271,2
1424,4.6,0,1
1425,4.5,0,1
1426,4.6,26,1
1427,5.2,109,0
1428,4.5,38,1
1429,4.5,0,1
1430,4.5,63,0
1431,4.9,31,1
1432,4.8,12,1
1433,4.6,116,0
1434,4.5,36,1
1435,4.5,39,1
1436,4.9,32,1
1437,5.2,117,0
1438,4.8,33,1
1439,4.9,24,1
1440,4.9,32,1
1441,4.9,32,1
1442,4.6,1,1
1443,4.7,27,1
1444,5.1,98,0
1445,4.8,1,1
1446,4.6,0,1
1447,4.5,10,1
1448,4.6,0,1
1449,4.5,0,1
1450,4.9,45,1
1451,4.6,29,1
1452,4.5,0,1
1453,4.6,21,1
1454,5.1,70,0
1455,4.8,0,1
1456,5.7,63,0
1457,4.6,1,1
1458,5.0,32,1
1459,5.2,26,1
1460,4.8,31,1
1461,5.2,30,1
1462,4.5,26,1
1463,4.5,24,1
1464,4.9,1,1
1465,6.4,133,0
1466,4.6,67,0
1467,5.7,50,1
1468,4.8,19,1
1469,4.5,0,1
1470,4.6,21,1
1471,4.5,1,1
1472,4.6,0,1
1473,4.7,79,0
1474,5.6,58,0
1475,4.7,1,1
1476,4.7,1,1
1477,4.9,0,1
1478,4.5,0,1
1479,4.6,0,1
1480,4.5,0,1
1481,4.5,0,1
1482,4.5,3,1
1483,4.5,0,1
1484,4.5,0,1
1485,4.6,0,1
1486,4.8,159,0
1487,4.6,0,1
1488,5.3,21,1
1489,5.1,11,1
1490,4.5,75,0
1491,4.6,21,1
1492,4.8,27,1
1493,4.9,0,1
1494,5.0,8,1
1495,4.5,0,1
1496,4.8,0,1
1497,4.5,0,1
1498,4.9,189,0
1499,4.7,94,0
1500,4.5,10,1
1501,4.8,1,1
1502,4.5,1,1
1503,4.5,0,1
1504,4.6,0,1
1505,4.6,31,1
1506,4.5,0,1
1507,4.8,0,1
1508,4.6,28,1
1509,4.5,0,1
1510,4.6,0,1
1511,4.7,1,1
1512,4.5,64,0
1513,4.6,0,1
1514,4.5,1,1
1515,4.5,0,1
1516,4.5,3,1
1517,5.7,0,1
1518,4.6,9,1
1519,4.6,26,1
1520,4.6,22,1
1521,5.1,21,1
1522,4.5,91,0
1523,4.7,25,1
1524,6.8,65,0
1525,4.8,0,1
1526,4.9,1,1
1527,4.5,6,1
1528,4.5,19,1
1529,4.5,2,1
1530,4.5,0,1
1531,5.0,53,0
1532,4.5,33,1
1533,4.8,31,1
1534,5.1,19,1
1535,4.8,339,2
1536,5.0,74,0
1537,4.6,69,0
1538,4.5,30,1
1539,4.8,31,1
1540,4.8,78,0
1541,4.7,4,1
1542,4.5,7,1
1543,5.1,1,1
1544,4.5,0,1
1545,4.6,26,1
1546,4.6,1,1
1547,4.7,0,1
1548,5.1,57,0
1549,4.8,4,1
1550,4.5,24,1
1551,4.5,0,1
1552,4.7,112,0
1553,5.7,116,0
1554,4.7,32,1
1555,4.9,26,1
1556,4.5,147,0
1557,5.0,52,0
1558,5.0,31,1
1559,4.5,0,1
1560,4.9,7,1
1561,5.1,2,1
1562,4.6,6,1
1563,4.6,71,0
1564,4.5,64,0
1565,4.6,1,1
1566,4.9,2,1
1567,5.0,11,1
1568,4.8,1,1
1569,4.5,0,1
1570,4.9,30,1
1571,4.6,1,1
1572,4.6,0,1
1573,6.0,190,0
1574,4.9,98,0
1575,4.6,0,1
1576,4.6,1,1
1577,5.2,5,1
1578,5.5,22,1
1579,4.8,11,1
1580,4.7,0,1
1581,4.9,41,1
1582,4.5,0,1
1583,5.3,3,1
1584,5.9,333,2
1585,4.6,0,1
1586,4.5,0,1
1587,5.6,66,0
1588,4.5,19,1
1589,4.5,0,1
1590,5.7,74,0
1591,4.5,0,1
1592,4.6,16,1
1593,6.1,31,1
1594,4.5,53,0
1595,4.9,1,1
1596,4.8,14,1
1597,4.7,24,1
1598,4.7,24,1
1599,4.6,24,1
1600,4.6,24,1
1601,4.6,24,1
1602,4.7,0,1
1603,4.5,0,1
1604,4.9,0,1
1605,5.1,55,0
1606,5.0,84,0
1607,5.0,3,1
1608,4.5,13,1
1609,4.5,14,1
1610,4.8,90,0
1611,4.9,32,1
1612,4.6,59,0
1613,4.6,122,0
1614,6.2,0,1
1615,4.6,4,1
1616,5.4,29,1
1617,4.8,2,1
1618,5.0,8,1
1619,4.5,59,0
1620,5.2,0,1
1621,4.5,0,1
1622,4.5,19,1
1623,4.5,8,1
1624,4.9,24,1
1625,4.5,23,1
1626,4.7,41,1
1627,4.6,0,1
1628,4.5,27,1
1629,5.2,167,0
1630,4.6,0,1
1631,4.5,4,1
1632,4.6,1,1
1633,5.0,102,0
1634,5.7,101,0
1635,5.0,457,2
1636,4.6,59,0
1637,5.2,27,1
1638,5.0,13,1
1639,5.0,5,1
1640,4.5,21,1
1641,4.6,7,1
1642,4.6,0,1
1643,4.6,1,1
1644,4.5,0,1
1645,5.3,24,1
1646,4.5,1,1
1647,5.1,165,0
1648,4.6,0,1
1649,4.5,0,1
1650,4.9,0,1
1651,5.0,1,1
1652,5.5,64,0
1653,4.6,71,0
1654,4.7,76,0
1655,4.5,0,1
1656,4.6,0,1
1657,6.0,49,1
1658,4.5,0,1
1659,4.5,0,1
1660,4.5,1,1
1661,4.8,29,1
1662,4.6,67,0
1663,4.6,0,1
1664,4.9,0,1
1665,5.3,26,1
1666,4.5,1,1
1667,4.6,0,1
1668,4.9,14,1
1669,5.3,17,1
1670,5.1,11,1
1671,5.2,30,1
1672,4.9,52,0
1673,4.6,191,0
1674,5.4,21,1
1675,4.5,0,1
1676,5.4,0,1
1677,4.5,9,1
1678,4.6,29,1
1679,4.6,52,0
1680,4.9,46,1
1681,4.5,0,1
1682,4.5,0,1
1683,4.8,18,1
1684,4.7,48,1
1685,5.6,58,0
1686,4.5,0,1
1687,4.7,0,1
1688,5.4,58,0
1689,4.7,24,1
1690,4.7,85,0
1691,5.2,3,1
1692,4.5,0,1
1693,4.8,0,1
1694,4.5,27,1
1695,4.5,0,1
1696,4.5,0,1
1697,4.7,51,0
1698,4.9,60,0
1699,4.9,7,1
1700,4.6,19,1
1701,4.5,0,1
1702,4.5,63,0
1703,4.9,99,0
1704,5.6,173,0
1705,4.6,0,1
1706,5.0,7,1
1707,4.7,0,1
1708,4.9,14,1
1709,4.7,0,1
1710,4.5,44,1
1711,4.7,0,1
1712,5.1,9,1
1713,6.0,31,1
1714,4.5,0,1
1715,4.9,28,1
1716,4.5,2,1
1717,6.2,363,2
1718,4.5,7,1
1719,4.8,68,0
1720,4.7,80,0
1721,4.8,0,1
1722,4.6,20,1
1723,4.6,1,1
1724,4.9,0,1
1725,5.0,8,1
1726,4.9,81,0
1727,4.7,42,1
1728,4.5,31,1
1729,4.5,0,1
1730,5.0,49,1
1731,4.7,0,1
1732,5.0,0,1
1733,5.0,0,1
1734,4.8,41,1
1735,4.6,62,0
1736,4.5,1,1
1737,5.8,150,0
1738,4.5,0,1
1739,4.5,0,1
1740,4.5,51,0
1741,4.8,18,1
1742,4.8,0,1
1743,4.7,114,0
1744,4.9,0,1
1745,4.5,0,1
1746,4.5,0,1
1747,4.9,11,1
1748,4.5,37,1
1749,4.5,19,1
1750,4.7,45,1
1751,4.5,0,1
1752,4.6,35,1
1753,6.1,281,2
1754,4.5,239,2
1755,4.9,28,1
1756,6.0,116,0
1757,4.5,22,1
1758,4.9,74,0
1759,5.1,25,1
1760,4.8,0,1
1761,4.7,20,1
1762,4.9,24,1
1763,4.7,0,1
1764,4.6,0,1
1765,4.5,16,1
1766,4.6,47,1
1767,4.9,34,1
1768,5.0,39,1
1769,4.5,29,1
1770,4.7,0,1
1771,4.9,9,1
1772,5.7,58,0
1773,4.5,0,1
1774,4.5,0,1
1775,4.5,1,1
1776,4.5,0,1
1777,4.6,0,1
1778,4.9,45,1
1779,4.5,0,1
1780,4.5,49,1
1781,4.5,10,1
1782,4.8,0,1
1783,4.8,15,1
1784,4.9,21,1
1785,4.6,23,1
1786,4.6,23,1
1787,4.6,145,0
1788,4.5,0,1
1789,4.5,5,1
1790,4.8,0,1
1791,4.5,4,1
1792,4.6,7,1
1793,4.8,26,1
1794,6.3,151,0
1795,5.3,0,1
1796,4.9,0,1
1797,4.6,0,1
1798,4.9,93,0
1799,4.6,0,1
1800,5.2,0,1
1801,4.6,26,1
1802,4.9,0,1
1803,4.7,66,0
1804,4.5,0,1
1805,4.8,23,1
1806,5.6,9,1
1807,4.5,6,1
1808,4.5,0,1
